{
    "linkedMenu": "modelingMenuSet",
    "autoSave": true,
    "selectedShelf": "Rig_Scripts",
    "panels": [
        {
            "mainWindowPanel": true,
            "splitter": {
                "orientation": "vertical",
                "children": [
                    {
                        "tabWidget": {
                            "selectedIndex": 0,
                            "controlWidth": 1916,
                            "controlHeight": 23,
                            "collapsed": false,
                            "controls": [
                                {
                                    "objectName": "StatusLine",
                                    "title": "Status Line",
                                    "uiScript": "global string $gStatusLineForm; formLayout $gStatusLineForm;",
                                    "retain": true,
                                    "loadImmediately": true,
                                    "checkPlugins": false,
                                    "tabDirection": 0,
                                    "closed": false,
                                    "widthProperty": "free",
                                    "heightProperty": "fixed"
                                }
                            ]
                        }
                    },
                    {
                        "tabWidget": {
                            "selectedIndex": 0,
                            "controlWidth": 1916,
                            "controlHeight": 64,
                            "collapsed": false,
                            "controls": [
                                {
                                    "objectName": "Shelf",
                                    "title": "Shelf",
                                    "uiScript": "global string $gShelfForm; formLayout $gShelfForm;",
                                    "retain": true,
                                    "loadImmediately": true,
                                    "checkPlugins": false,
                                    "tabDirection": 0,
                                    "closed": false,
                                    "widthProperty": "free",
                                    "heightProperty": "fixed"
                                }
                            ]
                        }
                    },
                    {
                        "splitter": {
                            "orientation": "horizontal",
                            "children": [
                                {
                                    "tabWidget": {
                                        "selectedIndex": 0,
                                        "controlWidth": 40,
                                        "controlHeight": 793,
                                        "collapsed": false,
                                        "controls": [
                                            {
                                                "objectName": "ToolBox",
                                                "title": "Tool Box",
                                                "uiScript": "global string $gToolboxForm; formLayout $gToolboxForm;",
                                                "retain": true,
                                                "loadImmediately": true,
                                                "checkPlugins": false,
                                                "tabDirection": 0,
                                                "closed": false,
                                                "widthProperty": "fixed",
                                                "heightProperty": "free"
                                            }
                                        ]
                                    }
                                },
                                {
                                    "tabWidget": {
                                        "selectedIndex": 0,
                                        "controlWidth": 1381,
                                        "controlHeight": 793,
                                        "collapsed": false,
                                        "controls": [
                                            {
                                                "objectName": "MainPane",
                                                "title": "viewPanes",
                                                "uiScript": "global string $gMainPane; paneLayout -nbg 0 $gMainPane;",
                                                "retain": true,
                                                "loadImmediately": true,
                                                "checkPlugins": false,
                                                "tabDirection": 0,
                                                "closed": false,
                                                "widthProperty": "free",
                                                "heightProperty": "free"
                                            }
                                        ]
                                    }
                                },
                                {
                                    "tabWidget": {
                                        "selectedIndex": 2,
                                        "controlWidth": 468,
                                        "controlHeight": 793,
                                        "collapsed": false,
                                        "controls": [
                                            {
                                                "objectName": "ChannelBoxLayerEditor",
                                                "title": "Channel Box / Layer Editor",
                                                "uiScript": "global string $gChannelsLayersForm; formLayout $gChannelsLayersForm;",
                                                "retain": true,
                                                "loadImmediately": true,
                                                "checkPlugins": false,
                                                "tabDirection": 3,
                                                "closed": false,
                                                "widthProperty": "preferred",
                                                "heightProperty": "free"
                                            },
                                            {
                                                "objectName": "AttributeEditor",
                                                "title": "Attribute Editor",
                                                "uiScript": "global string $gAttributeEditorForm; formLayout $gAttributeEditorForm;",
                                                "retain": true,
                                                "loadImmediately": true,
                                                "checkPlugins": false,
                                                "tabDirection": 3,
                                                "closed": false,
                                                "widthProperty": "preferred",
                                                "heightProperty": "free"
                                            },
                                            {
                                                "objectName": "ToolSettings",
                                                "title": "Tool Settings",
                                                "uiScript": "global string $gToolSettingsForm; formLayout $gToolSettingsForm;",
                                                "retain": true,
                                                "loadImmediately": true,
                                                "checkPlugins": false,
                                                "tabDirection": 3,
                                                "closed": false,
                                                "widthProperty": "preferred",
                                                "heightProperty": "free"
                                            },
                                            {
                                                "objectName": "NEXDockControl",
                                                "title": "Modeling Toolkit",
                                                "uiScript": "dR_createNEXDockControl();",
                                                "retain": true,
                                                "loadImmediately": true,
                                                "checkPlugins": false,
                                                "tabDirection": 3,
                                                "closed": false,
                                                "widthProperty": "preferred",
                                                "heightProperty": "free",
                                                "requiredPlugins": [
                                                    "modelingToolkit"
                                                ]
                                            }
                                        ]
                                    }
                                }
                            ]
                        }
                    },
                    {
                        "tabWidget": {
                            "selectedIndex": 0,
                            "controlWidth": 1916,
                            "controlHeight": 32,
                            "collapsed": false,
                            "controls": [
                                {
                                    "objectName": "TimeSlider",
                                    "title": "Time Slider",
                                    "uiScript": "global string $gTimeSliderForm; formLayout $gTimeSliderForm;",
                                    "retain": true,
                                    "loadImmediately": true,
                                    "checkPlugins": false,
                                    "tabDirection": 0,
                                    "closed": false,
                                    "widthProperty": "free",
                                    "heightProperty": "fixed"
                                }
                            ]
                        }
                    },
                    {
                        "tabWidget": {
                            "selectedIndex": 0,
                            "controlWidth": 1916,
                            "controlHeight": 31,
                            "collapsed": false,
                            "controls": [
                                {
                                    "objectName": "RangeSlider",
                                    "title": "Range Slider",
                                    "uiScript": "global string $gPlaybackRangeForm; formLayout $gPlaybackRangeForm;",
                                    "retain": true,
                                    "loadImmediately": true,
                                    "checkPlugins": false,
                                    "tabDirection": 0,
                                    "closed": false,
                                    "widthProperty": "free",
                                    "heightProperty": "fixed"
                                }
                            ]
                        }
                    },
                    {
                        "tabWidget": {
                            "selectedIndex": 0,
                            "controlWidth": 1916,
                            "controlHeight": 28,
                            "collapsed": false,
                            "controls": [
                                {
                                    "objectName": "CommandLine",
                                    "title": "Command Line",
                                    "uiScript": "global string $gCommandLineForm; formLayout $gCommandLineForm;",
                                    "retain": true,
                                    "loadImmediately": true,
                                    "checkPlugins": false,
                                    "tabDirection": 0,
                                    "closed": false,
                                    "widthProperty": "free",
                                    "heightProperty": "fixed"
                                }
                            ]
                        }
                    },
                    {
                        "tabWidget": {
                            "selectedIndex": 0,
                            "controlWidth": 1916,
                            "controlHeight": 20,
                            "collapsed": false,
                            "controls": [
                                {
                                    "objectName": "HelpLine",
                                    "title": "Help Line",
                                    "uiScript": "global string $gHelpLineForm; formLayout $gHelpLineForm;",
                                    "retain": true,
                                    "loadImmediately": true,
                                    "checkPlugins": false,
                                    "tabDirection": 0,
                                    "closed": false,
                                    "widthProperty": "free",
                                    "heightProperty": "fixed"
                                }
                            ]
                        }
                    }
                ]
            }
        },
        {
            "mainWindowPanel": false,
            "posX": 1939,
            "posY": 194,
            "splitter": {
                "orientation": "vertical",
                "children": [
                    {
                        "tabWidget": {
                            "selectedIndex": 0,
                            "controlWidth": 264,
                            "controlHeight": 792,
                            "collapsed": false,
                            "controls": [
                                {
                                    "objectName": "Outliner",
                                    "title": "Outliner",
                                    "uiScript": "outlinerPanel -menuBarVisible true -label panelLabel Outliner",
                                    "retain": true,
                                    "loadImmediately": true,
                                    "checkPlugins": false,
                                    "tabDirection": 0,
                                    "closed": false,
                                    "widthProperty": "preferred",
                                    "heightProperty": "free",
                                    "initCallback": "outlinerStateCallback",
                                    "stateString": "outlinerEditor -e -showShapes 0 -showAssignedMaterials 0 -showTimeEditor 1 -showReferenceNodes 0 -showReferenceMembers 0 -showAttributes 0 -showConnected 0 -showAnimCurvesOnly 0 -showMuteInfo 0 -organizeByLayer 1 -showAnimLayerWeight 1 -autoExpandLayers 1 -autoExpand 0 -showDagOnly 1 -showAssets 1 -showContainedOnly 1 -showPublishedAsConnected 0 -showContainerContents 1 -ignoreDagHierarchy 0 -expandConnections 0 -showUpstreamCurves 1 -showUnitlessCurves 1 -showCompounds 1 -showLeafs 1 -showNumericAttrsOnly 0 -highlightActive 1 -autoSelectNewObjects 0 -doNotSelectNewObjects 0 -dropIsParent 1 -transmitFilters 0 -setFilter \"defaultSetFilter\" -showSetMembers 1 -allowMultiSelection 1 -alwaysToggleSelect 0 -directSelect 0 -isSet 0 -isSetMember 0 -displayMode \"DAG\" -expandObjects 0 -setsIgnoreFilters 1 -containersIgnoreFilters 0 -editAttrName 0 -showAttrValues 0 -highlightSecondary 0 -showUVAttrsOnly 0 -showTextureNodesOnly 0 -attrAlphaOrder \"default\" -animLayerFilterOptions \"allAffecting\" -sortOrder \"none\" -longNames 0 -niceNames 1 -showNamespace 1 -showPinIcons 0 -mapMotionTrails 0 -ignoreHiddenAttribute 0 -ignoreOutlinerColor 0 -renderFilterVisible 0 -renderFilterIndex 0 -selectionOrder \"chronological\" -expandAttribute 0 $editorName"
                                }
                            ]
                        }
                    }
                ]
            }
        }
    ],
    "closedControls": [
        {
            "objectName": "referenceEditorPanel1Window",
            "posX": 253,
            "posY": 170,
            "controlHeight": 457,
            "controlWidth": 607,
            "widthProperty": "free",
            "heightProperty": "free"
        },
        {
            "objectName": "UVToolkitDockControl",
            "posX": 1973,
            "posY": 138,
            "controlHeight": 874,
            "controlWidth": 309,
            "widthProperty": "preferred",
            "heightProperty": "free"
        },
        {
            "objectName": "scriptEditorPanel1Window",
            "posX": 166,
            "posY": 172,
            "controlHeight": 767,
            "controlWidth": 1166,
            "widthProperty": "free",
            "heightProperty": "free"
        },
        {
            "objectName": "polyTexturePlacementPanel1Window",
            "posX": 2367,
            "posY": 31,
            "controlHeight": 882,
            "controlWidth": 860,
            "widthProperty": "free",
            "heightProperty": "free"
        }
    ]
}